word,emotion
senang,1
bahagia,1
gembira,1
ceria,1
riang,1
girang,1
suka,1
puas,1
bangga,1
damai,1
tenang,1
lega,1
nyaman,1
sukacita,1
berhasil,1
tercapai,1
membahagiakan,1
percaya,2
yakin,2
aman,2
setia,2
tulus,2
mengandalkan,2
meyakini,2
kredibel,2
dapatdipercaya,2
bisadiandalkan,2
loyal,2
akurat,2
faktual,2
mempercayai,2
meyakinkan,2
terjamin,2
tervalidasi,2
terkejut,3
kaget,3
tercengang,3
terpana,3
syok,3
terhenyak,3
heran,3
takjub,3
terperangah,3
terperanjat,3
terharu,3
kagum,3
mengejutkan,3
menakjubkan,3
mengherankan,3
mencengangkan,3
spontan,3
dadakan,3
netral,4
biasa,4
wajar,4
umum,4
normal,4
ratarata,4
seimbang,4
moderat,4
stabil,4
konsisten,4
rutin,4
monoton,4
lumrah,4
reguler,4
konvensional,4
lazim,4
sederhana,4
standar,4
takut,5
cemas,5
khawatir,5
gelisah,5
ngeri,5
panik,5
tegang,5
waswas,5
gemetar,5
mencemaskan,5
ketakutan,5
gentar,5
waspada,5
trauma,5
fobia,5
teror,5
mengerikan,5
menakutkan,5
berbahaya,5
sedih,6
murung,6
pilu,6
duka,6
merana,6
melankolis,6
muram,6
suram,6
meratap,6
putusasa,6
hampa,6
depresi,6
kesepian,6
menyesal,6
nelangsa,6
menderita,6
pedih,6
terluka,6
terpuruk,6
marah,7
kesal,7
jengkel,7
geram,7
murka,7
emosi,7
berang,7
gusar,7
meradang,7
mengamuk,7
dendam,7
benci,7
sebal,7
frustrasi,7
tersinggung,7
kecewa,7
jera,7
sakithati,7
meledakledak,7
ganas,7
profesional,2
responsif,2
cepat,2
tanggap,2
lambat,6
lalai,7
teledor,7
ceroboh,7
sembrono,7
kasar,7
sopan,2
ramah,1
garang,7
bengis,7
keras,7
adil,2
diskriminatif,7
membantu,2
menolong,2
melindungi,2
mengayomi,2
brutal,7
kejam,7
tegas,2
disiplin,2
korup,7
jujur,2
transparan,2
tertib,2
kacau,7
intimidasi,7
mengancam,7
menekan,7
bijaksana,2
bodoh,7
tolol,7
pintar,2
cerdas,2
berani,2
pengecut,6
penakut,5
sigap,2
lamban,6
terlatih,2
kompeten,2
inkompeten,7
efektif,2
efisien,2
terampil,2
terpercaya,2
rapuh,6
kuat,2
lemah,6
terkenal,2
baik,1
buruk,7
hebat,1
payah,7
menyebalkan,7
mengecewakan,6
bagus,1
menyedihkan,6
menyenangkan,1
gila,3
luarbiasa,3
biasasaja,4
mengesankan,1
konyol,7
lucu,1
aneh,3
asyik,1
santai,1
sibuk,6
yah,6
hm,4
hmm,4
ah,4
oh,3
eh,3
oke,2
ok,2
okelah,2
iya,2
ya,2
bukan,4
tidak,4
nggak,4
gak,4
enggak,4
nope,4
yup,2
jelas,2
pastilah,2
tentu,2
pasti,2
begitulah,4
gitulah,4
kadang,4
bisa,2
bisajadi,4
barangkali,4
kiranya,4
sepertinya,4
seharusnya,4
rasanya,4
kelihatannya,4
tampaknya,4
seperti,4
kayaknya,4
kyknya,4
mantap,1
mantul,1
kece,1
keren,1
wow,3
wah,3
yey,1
yay,1
yeay,1
waduh,3
duh,3
astaga,3
astagfirullah,3
inalillahi,6
innalillahi,6
hamdulillah,1
alhamdulillah,1
syukur,1
syukurlah,1
beruntung,1
sial,6
celaka,6
mujur,1
ampun,5
ampuni,5
YaAllah,5
YaTuhan,5
bersyukur,1
alkhamdulillah,1
yaudah,4
yasudah,4
yaudahlah,4
Haha,1
Hehe,1
Hihi,1
Wkwk,1
Wkwkwk,1
Hahaha,1
Wah,3
Yaampun,3
aduh,3
hemmm,4
yasudahlah,4
kenapa,4
apa,4
dimana,4
siapa,4
bagaimana,4
kapan,4
mengapa,4
berapa,4
akan,4
mungkin,4
berguna,1
saja,3
ini,4
mah,7
guna,1
polisi,4
saya,4
kalian,4
sama,4
kapolri,2
jenderal,1
drs,1
listyo,1
sigit,1
prabowo,2
ucap,1
terima,1
kasih,1
beri,4
apresiasi,1
jajar,1
korps,1
bhayangkara,1
telah,1
jalan,4
tugas,4
dukung,2
wujud,1
visi,1
tuju,1
indonesia,2
emas,1
pa,1
msyrkt,1
kumpul,1
keluarga,6
pak,1
jempol,1
deh,6
link,1
m,1
si,3
itu,7
wkwkk,7
berak,7
pernah,6
dulu,7
ingin,2
ribut,7
anak,6
begini,7
segala,3
bawa,6
beceng,7
bagasi,7
motor,7
teman,7
nya,7
yang,7
mabok,7
sebut,5
nama,2
bapak,2
nyata,3
ajak,5
duel,7
ku,3
anyeng,7
kata,5
teh,7
hahaa,7
hari,4
gua,6
rasa,6
diri,5
karena,2
lewat,1
banyak,6
keaadaan,1
tidak ada,4
plat,1
spion,1
betul,6
republik,2
ancam,5
ketua,6
dari,1
golong,1
timur,1
selalu,1
para,3
rusuh,6
jahat,7
edar,5
koruptor,1
orang,1
bayar,7
mahal,1
kalau,6
jadi,6
hk,1
tanya,5
polisiwartawan,1
nyesel,1
nonjok,1
laku,4
sih,6
bakal,3
jawab,1
penuh,2
senyum,1
sesal,1
sekali,3
salut,2
berterimakasih,1
kerja,4
bener,6
berkah,1
sehat,4
pakpol,1
sungguh,1
tutut,1
polri,1
ungkap,1
kasus,6
pembunuban,1
kunjung,1
perkosa,5
jaya,4
terus,2
bukti,5
buat,7
makin,5
jeli,1
gesit,1
bantu,1
ama,7
masyarakat,1
peduli,1
bunuh,5
nia,1
kurnia,1
sari,1
tetap,2
rendah,1
hati,1
hallo,1
sobat,1
nusantara,1
pt,1
pln,1
np,1
up,3
indramayu,1
ada,4
giat,4
forum,1
komunikasi,1
fkpm,1
tingkat,4
peran,1
kamtibnas,1
jelang,4
pilih,1
kepala,1
daerah,4
cardano,1
bang,5
masalah,4
devnya,1
waktu,6
membuat,4
token,1
mgkin,1
inspirasi,1
flm,1
kartun,1
india,7
karakter,7
ladusing,1
kalah,1
kecil,6
syifa,1
berantas,1
tapi,6
akhir,3
cerita,1
dia,5
tongkrong,1
tindak,6
kriminal,1
sangking,1
tangkap,4
proses,2
hukum,2
inget,1
kurir,1
narkoba,5
negara,2
latin,1
pakai,3
tenaga,1
kirim,1
paket,1
ayo,2
sukses,2
pilkada,1
kepling,1
lurah,1
camat,1
anggap,6
acau,1
cina,6
muliono,1
ujud,1
jaim,1
memang,7
lahir,1
rahim,1
rakyat,7
mampu,3
hibur,1
cara,1
hebatttt,1
kapolres,4
anda,1
kualitas,1
singapore,1
n,1
malaysia,5
kayak,6
lihat,6
negeri,5
kelas,1
sd,1
temen,7
mengatakan,4
tentara,3
kan,6
reaksi,1
ne,1
konco,1
bagi,6
bangsa,2
punya,3
semangat,2
juang,6
luar,3
kamu,5
maki,1
online,1
pembully,1
perintah,2
preman,4
harus,6
fasih,1
utama,2
banding,6
buruh,1
kaum,1
minoritas,1
pihak,6
tindas,1
kafirgak,1
syariatdengan,1
alas,6
pantas,7
kagak,1
pantes,1
mukmin,1
pantespantesnya,1
hidup,1
monyet,1
dah,6
baru,2
kdri,1
dengan,1
turun,7
cari,1
buah,3
indinesia,1
sekarang,7
bobrok,1
di,3
obok,1
menantu,1
hadir,1
tengah,2
wilayah,4
kondusip,1
semangatttttt,1
ingat,2
ulang,1
tahun,4
wanita,3
ke,1
gelar,2
aksi,1
upa,1
bedah,1
rumah,4
desa,4
rendang,1
karangasem,1
manusia,2
bego,1
dann,1
ironis,1
mahasiswa,7
surabaya,1
foto,1
hihihi,1
wes,1
biarin,1
gin,6
gkpp,1
perlu,7
ugalan,1
bahkan,7
mati,1
ujung,6
numbalin,1
capai,1
ngeshare,1
lagu,1
d,3
hujat,1
asa,5
namjoon,1
ciptain,1
sering,5
dengar,4
sekolah,6
paling,7
bangor,1
jelek,7
nilai,1
sudah,6
pantesan,1
ni,3
ssan,1
lalu,4
calon,1
kaya,6
konteks,1
status,1
opini,1
kontra,1
demo,7
omnibus,1
omong,1
soal,7
pake,6
otak,1
tipikal,1
masuk,5
jalur,4
sogokordal,1
arogan,1
muntah,7
emg,7
fresh,7
graduate,7
semua,7
satu,3
seragam,7
kaku,7
kerah,7
enak,7
snapgram,7
masih,6
abri,6
bagai,6
cucu,6
moral,5
hancur,6
akibat,4
oknum,6
haus,6
institusi,1
btw,1
tahu,4
light,1
stick,1
definisi,1
dooooong,1
pinter,7
rekrutmen,1
salam,4
presisi,3
slank,1
makasih,1
saudara,1
citacita,1
tolong,1
jebak,3
ganjil,1
genap,1
ayom,5
aj,1
tiba,1
lenyap,1
halo,4
admin,4
partai,3
sbg,7
presiden,2
mana,7
gamma,1
tembak,5
nih,7
pedang,1
ganteng,1
bantun,1
min,1
pagi,4
buka,4
x,1
isi,5
tolak,1
ppn,1
sindir,1
kasi,1
wni,1
sulit,1
begitu,4
iklas,1
support,1
palestine,1
wangi,1
surga,1
baca,6
berita,7
dengerin,1
kaka,1
nyanyi,1
blunder,1
dalam,7
karier,1
musik,1
wtf,1
warga,1
lah,7
seluruh,1
stop,3
anggota,1
gercep,3
jarang,1
tuh,3
tunjuk,2
aktor,1
yaa,1
megang,1
barang,3
kek,6
parkir,7
abang,7
abangan,1
punk,1
homophobic,1
mending,2
gausah,1
acab,7
acaban,1
risiko,1
cibir,1
lebih,6
hilang,6
pangkat,2
jabat,7
stigma,6
pada,2
tul,1
ndan,1
gon,1
prasangka,1
malu,2
suatu,5
kunci,1
kedamaianparlemendpr,1
menjalankanmenegakan,1
hukumbaik,1
nyaadil,1
tega,2
gantung,1
kepolisianada,1
oknumatau,1
kepolisiansdh,1
untung,1
rela,1
lepas,5
dinas,1
hujan,4
dan,3
lapang,1
mesti,7
palai,1
perempuan,1
laksana,4
sesuai,7
sop,1
neko,1
cenderung,1
pikir,3
jernih,1
jiwa,2
uang,7
jaksa,7
the,1
fiery,1
priest,1
main,2
seoul,1
busters,1
belakang,6
sayang,1
suami,1
tanggung,1
tertawa,3
hah,1
model,1
kok,7
ilangin,1
nyawa,1
dosa,2
minta,6
pecat,2
penjara,5
lama,3
agar,4
sadar,6
mimin,1
ayah,6
ibu,7
istri,4
koreksi,1
sehingga,1
tempat,5
publik,2
instansi,6
taik,1
bau,1
jijik,1
km,1
kanjuruhan,1
malang,1
semarang,6
ham,1
segara,1
tuntas,1
tutup,4
sejarah,1
juga,7
panjang,4
nkri,1
salah,6
efek,2
sembuh,1
p,1
nyimak,1
sambil,1
putar,1
bahas,1
karya,1
band,1
merah,5
adek,1
belum,6
mobil,1
awal,6
an,1
juta,2
besar,2
personil,1
seuleng,1
dibikinin,1
culika,1
kenal,5
korban,5
hasil,4
sidi,1
sakit,7
cuman,5
lagi,6
macam,3
asumsi,1
hutang,1
piutang,1
atau,7
asmara,1
ko,2
paksa,5
nginep,1
polsek,4
plus,1
pukul,6
manja,1
tahan,2
pastor,1
marahmarah,1
rada,6
bloon,1
junior,1
ngerap,1
cantik,1
cerdik,1
benar,6
balik,6
moga,2
luntur,1
rekan,1
lain,3
bentuk,1
kritik,4
sarkas,1
benarbenar,1
kasihan,1
dri,1
jdi,7
jga,1
mnjadi,1
smoga,1
pengaruh,1
s,1
hanya,4
formalitas,1
sepenuh,1
layan,2
profesi,4
refleksi,1
citra,6
fyi,1
sma,1
bad,7
cop,1
good,1
smain,1
rata,1
coba,7
now,1
playing,1
langgar,1
polda,1
kaltara,1
polresta,2
bulungan,2
slankpolisi,1
mitos,1
lindung,5
instrumen,1
fakta,7
buang,1
diksi,1
lembaga,2
bahwa,1
relevan,1
zaman,1
request,1
sentuh,1
selamat,2
terimakasih,1
sendiri,2
jauh,5
hina,7
oknumoknum,6
sangkut,6
alm,1
nenek,1
lebaran,1
nanya,4
mulu,1
pacar,3
responnya,1
dong,7
awkwkwkekk,1
kalimantan,1
awkwkwk,1
bah,1
ih,1
agam,1
polisipolisi,1
puji,1
kena,3
algoritma,4
ig,4
postingan,4
entertainment,4
islami,4
cek,4
komennya,4
haram,4
komentar,4
tanggepin,4
slow,4
meski,4
nangga,4
jual,1
homo,1
manca,1
datang,4
sumber,1
devisa,1
bro,7
bintang,5
ditengahtengah,1
seharihari,1
hubung,4
astaghfirullah,1
bela,2
sini,1
suap,1
tebus,1
harta,4
martabat,1
hakim,6
hisab,1
allah,1
dunia,7
bersenangsenang,1
sogo,1
giring,1
laknatullah,1
maaf,6
mengadaada,1
turut,4
trend,1
temantemannya,1
fiksi,1
naga,1
as,2
emsi,1
batas,6
dddne,1
meretweet,1
bokep,1
lads,1
sandar,1
wajah,6
asli,6
bajing,1
sampah,3
hama,1
jaga,4
rezim,7
bangsat,1
jika,5
viral,2
mereka,1
urus,5
label,1
ganggu,4
sedikit,1
pura,1
sangka,3
cap,1
papa,1
kang,1
tinggal,6
butuh,2
jigana,1
ai,1
aya,1
lampu,1
ijo,1
ti,1
kemudian,1
injak,1
patung,1
hingga,5
berkepingkeping,1
kerumun,1
jumlah,4
purwakarta,1
cekam,1
macet,1
tni,2
angkat,1
muda,6
siliwangi,1
duga,4
patungpatung,1
wayang,1
haaaaa,1
sehatttt,1
ksh,1
mayoritas,1
kristen,1
duduk,2
tonjol,1
extrim,1
kira,3
kondisi,3
fa,1
siap,3
atas,4
gerak,1
khusus,1
sumatera,1
barat,1
polres,4
padang,1
pariaman,1
kami,5
ujar,1
kompolnas,1
poengky,1
indarti,1
jumat,1
titip,4
pokoknyaaaa,1
nyawaa,1
metong,1
siksa,5
trus,7
didudukin,1
gajah,1
gpp,1
protes,1
malah,7
humanis,3
nitz,1
muak,1
tabrak,7
ktr,1
dekat,5
dashcam,1
intimidasidiancam,1
goblog,1
ibun,1
bandung,2
mogok,1
cukang,1
monteng,1
veteran,1
median,1
evakuasi,1
pdys,1
didik,6
untuk,2
arang,1
hormat,3
penting,2
sipil,1
boleh,1
duit,4
saat,2
saling,1
begal,5
supir,1
box,1
kita,5
ikut,6
gagal,6
dalia,1
kabar,6
mike,1
menang,5
peluk,1
rencana,1
sersan,1
paul,1
sheridan,1
bujuk,1
kantor,4
identifikasi,1
dapat,2
smk,1
petinggi,1
manipulasi,1
kronologi,1
pos,1
pam,1
mandi,1
walik,1
unjung,1
lansia,1
iman,1
gag,1
dosak,1
rekayasa,7
bohong,6
ngebunuh,1
peras,7
curang,1
milu,6
persekusi,1
intimidatif,1
tukang,2
cukong,1
bisak,1
g,7
ngeh,1
pas,3
suruh,3
mbanking,1
langsung,6
sumpah,2
serapahin,1
telfon,5
anjing,6
anjingin,1
lapor,4
bodohin,1
anjrot,1
layang,1
k,1
cuma,7
embel,1
yatim,1
pantau,4
tersebut,4
berkat,1
rt,1
rw,1
memberitahu,5
potensial,1
ngebantu,1
personel,4
legundi,1
dorong,2
simpang,1
kapolsek,1
kutasari,1
obwis,1
sedang,4
darurat,1
dpr,6
dijakartaminta,1
bantuanpercuma,1
media,2
sosialatau,1
tnidigedung,1
teriak,6
telinga,1
dengarnetizen,1
andanetizen,1
dewa,1
flex,1
drama,3
korea,1
jin,1
yi,1
soo,1
chaebol,1
generasi,1
tiga,5
detektif,1
kuasa,2
pecah,6
review,1
sebenernya,1
makam,1
sultan,1
agung,1
bebas,3
kendara,4
tanjak,1
tidur,7
pijak,1
samping,1
mudahmudah,1
ringan,1
beban,1
erat,1
rang,1
bila,1
ajar,3
sanggaruli,1
park,1
kaligondang,1
menyebrangkan,1
anakanak,1
pulang,6
raya,4
usaha,2
cegat,7
nyaris,7
tiap,4
aparat,2
hobi,7
malak,7
sim,7
prosentase,1
jargon,1
abai,1
suudzon,1
ubel,1
justru,7
bongkar,5
ringkas,1
pegang,2
kes,1
naik,2
premium,1
jamin,2
akses,4
takafulinsurans,1
ubat,1
faktor,1
sedia,4
squid,3
game,3
e,1
ogah,1
kali,7
lintas,4
jalanjalan,1
tempur,1
himbauan,4
henti,1
tepat,6
momen,1
bhabinkamtibmas,4
kel,4
sukajadi,1
prabumulih,1
aiptu,1
burmadi,1
sh,1
sembako,1
silah,4
no,2
wa,4
jam,4
bawah,5
tarik,3
rambut,1
terlalu,6
rakus,1
kurang,3
asing,1
hantam,1
pancing,1
insiden,1
ysng,1
mutasi,1
pecaat,1
toll,1
cikampek,1
rest,1
area,1
bantai,5
santri,1
efpei,1
sadis,1
bacok,1
kaki,6
hampir,4
putus,6
situ,1
lgsg,6
letak,1
senjata,5
api,3
fitnah,2
jenazah,1
bun,1
ntar,1
tenis,1
sesi,1
batin,1
survei,1
muhammad,7
rauf,7
bayi,7
tukar,7
rs,3
islam,7
cempaka,7
putih,7
jakarta,4
pusat,4
tes,5
dna,7
sampai,4
lt,7
kapolrinya,2
diam,2
cukup,4
konten,1
polisiberarti,1
bubar,3
tunggu,2
hajar,7
mendoaka,1
miskin,2
lebi,1
siswa,1
sanksi,2
ptdh,1
aipda,1
robig,1
zaenudin,1
smkn,1
tewas,6
resmi,4
berat,6
desak,1
kpu,1
diskualifikasi,1
paslon,1
money,1
politics,1
ternate,1
ricuh,1
massa,7
ngehakimi,1
gusgusan,1
es,1
goblok,1
ngeviralin,1
nembak,5
dalih,1
mu,1
agama,2
beda,6
taikkk,1
fomo,1
share,1
petisi,1
bulshiit,1
disurvey,1
concern,1
insttitusi,1
singgung,1
melih,1
lakum,1
prestasi,7
cermin,1
jumpah,1
polling,1
asal,1
usul,1
pimpin,2
biadab,5
sum,1
pinggir,1
gadis,1
pun,1
tuduh,2
palsu,3
tulis,1
buku,1
hoegengoase,1
sejuk,1
ngeluarin,1
tang,1
ser,1
sender,1
kisah,1
elena,1
lidi,1
kait,4
putri,2
rita,1
mandiri,1
nah,1
rumit,1
ka,5
agak,1
pip,1
ravi,1
narik,1
napas,6
entah,2
timbul,1
kesan,1
makan,2
habis,5
bos,1
husen,1
lampias,6
serah,1
kabur,3
lakuin,1
marvino,1
monolog,1
hapus,1
airmatanya,1
adegan,1
pertama,1
hadap,5
lari,5
kejar,5
ragu,2
be,1
jokowi,7
it,1
works,1
same,1
way,1
like,1
in,1
private,1
sector,1
or,1
any,1
bureaucratic,1
organisation,1
hang,1
lanyard,1
kutuk,1
kejut,4
tatatertib,1
then,1
mmg,1
kamera,1
penjarakantor,1
laga,1
sempat,5
wasit,1
rombong,1
babel,1
hotel,1
kawal,7
art,1
and,1
plot,3
pleasing,1
unrealistic,1
some,1
point,1
wkwkwkw,1
ngehukum,1
timpal,1
but,1
tw,1
gore,1
sa,1
abuse,1
etc,1
emng,5
lingkup,1
cit,1
ayooo,1
cemar,1
kl,1
korupsi,7
dongo,1
pusing,1
tidurrrrr,1
when,1
cammelia,1
is,1
blooms,1
offgun,1
cocok,1
off,1
tengil,1
gun,1
brsm,1
ponakan,1
pindah,3
ortunya,1
bangkrut,1
meninggoy,1
resto,1
ankafe,1
lingkung,2
emak,1
julid,1
ngaji,1
masa,3
depan,3
quran,1
akhlaq,1
cinta,1
alquran,1
aamiin,2
wahai,1
nitizen,2
bukankah,6
dongeng,1
nge,1
fly,1
sejak,5
lupa,7
gara,5
puja,1
wkwkw,1
gera,1
derajat,1
dn,2
cc,5
cangkeme,1
njeplak,1
wong,7
jateng,6
maklum,1
sampeyan,1
sewot,1
ruang,3
luas,1
nikmat,1
bareng,1
deket,1
tangan,3
mba,7
hana,1
mas,6
daichi,1
dg,3
kegamonan,1
by,1
please,6
kendali,1
ken,6
ngapain,3
pelihara,1
busuk,1
anehh,1
padahal,6
ditolongin,2
ditangkep,2
pidana,2
tegak,2
mulai,2
nimbrung,2
kak,6
pasu,2
gihun,2
renternir,2
ngutang,2
ilang,2
dilaporin,6
ngehalu,2
kannn,2
buanyak,2
kpk,2
alat,4
lawan,5
politik,2
jagung,2
tetiba,2
melempem,2
nunjukin,2
loh,2
ide,2
darimana,2
netizen,7
jaman,2
koclok,2
men,2
abis,6
sangsi,2
dewan,7
negatif,2
pesimis,2
instusi,2
bebenah,2
real,2
escape,2
survive,2
abdi,2
elu,2
cees,2
food,2
gratis,2
potong,2
fear,2
factor,2
crowding,2
ale,2
coverage,2
ngasih,6
atur,7
ngotak,2
patoka,7
indo,7
nangkepin,2
skrang,2
sudh,2
integritas,2
sirkus,2
balap,2
liar,2
parah,7
pola,2
sebar,4
sampe,6
segitu,2
ma,2
kerjasama,2
curi,3
orangorang,6
lucinta,2
luna,2
gugur,2
janin,2
tetangga,2
capek,2
bi,2
alam,2
biasaserahkan,2
sang,5
ilahi,2
alamak,2
seleksi,2
tuhansilahkan,2
muncul,2
polisikatanya,2
cebok,2
dicebokin,2
emaknya,2
hehehehe,2
sorry,2
diagnosa,2
jasad,2
keliru,2
periksa,4
zat,2
bahaya,5
tubuh,2
kin,2
bekal,2
hal,2
harap,2
struktur,2
bin,2
ajaib,3
ente,2
agamaga,2
ajarin,2
baikatau,2
nanti,5
polisiapa,2
tua,6
pegawai,2
bank,2
tangga,2
sandal,2
jepit,2
beliau,2
inggih,2
mohon,7
bimbing,2
guru,7
sembah,2
nuwun,2
gusti,2
krypto,2
dwong,2
rame,2
beranda,2
nahan,2
batu,2
terang,5
ngarang,2
bhuhaha,2
masaa,2
bejad,2
ampuuunn,2
ampuuun,2
sehhh,2
yaahh,2
rusak,2
dehh,2
kelakuanya,2
hmmmm,2
liput,2
ngaruh,2
contoh,6
tragedi,6
belah,6
diselundupin,2
nyulik,2
babinsa,2
ujungujungnya,2
andal,2
satpam,4
bca,2
alibi,2
pagiii,6
kocak,5
bomba,2
serba,2
bawaslu,2
diharapkandiandalkan,2
dharmakun,2
jerat,5
catut,2
nik,2
tekan,7
capaja,2
perwira,6
prediktif,2
responsibilitas,2
gaji,2
motivasi,2
mrk,2
moralitas,2
hindar,2
kutu,2
dua,5
dian,2
judol,2
grup,2
ferdi,2
sambo,2
cs,2
sidik,2
remaja,2
inti,4
tesla,2
minat,2
pasar,4
populasi,2
birokrasi,2
koruptif,2
abal,2
beratmulai,2
mk,2
pileg,2
da,2
rejeki,4
lancar,4
amp,4
kdm,2
tell,2
me,2
what,2
you,2
saw,2
mouse,2
potret,2
tamah,2
cipta,2
akrab,2
rupa,2
langkah,5
positif,2
ubah,7
persepsi,2
sosok,3
edukasi,2
dini,2
ganjarmahfud,2
representasi,2
y,5
amanah,2
uud,2
pancasilakl,2
realisasi,2
sejahtera,2
komandan,2
yth,2
sejati,2
segenap,2
yra,2
bravo,2
prioritas,2
orng,2
titel,2
bait,2
semesta,2
pokok,2
rekrut,2
nyogok,7
yujiem,2
awam,2
nyala,2
ngegas,2
bunyi,2
nyit,2
bengkel,2
ugm,2
murah,2
ngelaknat,2
yaak,2
cepet,2
tampil,2
gambar,3
menginjakinjak,2
kitab,2
suci,2
solehnya,2
turis,2
bripka,2
situs,2
teperccaya,2
gabung,2
ajja,2
nonstopdp,2
slot,2
member,2
jpmaxwin,2
berprilaku,6
polisinah,2
wawas,2
kuajarikeamanan,2
internalkl,2
ngaco,2
kakaku,2
yuk,2
nonstopgroup,2
even,2
lengkap,2
kakak,2
klau,2
jatuh,4
turunin,2
tnialasan,2
uu,4
utamauntuk,2
mengamankanpadahal,2
bidangrakyat,2
gagah,2
sarang,2
penyamumln,2
rel,2
jajarannyo,2
masing,2
polseknyo,2
tugasnyo,2
patroli,4
mobilnyo,2
masyarakatnyo,2
samoo,2
pol,2
tumbal,2
santet,2
nilep,2
gkk,2
bayang,2
tuhan,5
hendak,4
bripda,2
rendy,2
arif,2
pratama,2
sandiwara,2
kasusapa,2
actingnyapadahal,2
jbtn,2
allahamanahjujuradiltapi,2
menjabatlupa,2
ingkar,2
janjinyasemoga,2
seblm,2
nakal,2
keburu,2
insyaf,2
toubat,2
beberapa,3
lha,2
kombes,2
info,3
twitter,2
antara,2
bap,2
kucek,2
mata,6
berkalikali,6
irjen,2
kini,5
lantik,2
militer,2
ibarat,2
coreng,2
kening,2
minus,2
gampang,3
anti,2
se,5
aktif,2
wartawan,2
senior,2
top,2
nitezen,2
koar,2
medsos,2
byk,7
viralkan,2
kssnya,2
kss,2
vina,4
cirebon,2
kubur,6
akhirat,7
bnyak,6
sngat,2
persentase,2
tpi,6
konoha,2
hlah,2
temu,4
well,2
mngkin,2
krna,5
ketemu,3
benerr,2
matur,2
nggih,2
jendral,2
hoegeng,2
rindu,2
karirnya,2
gerombol,2
rangkap,2
maling,5
justice,2
benah,2
kluarga,2
walaupun,6
beres,2
kembali,2
acara,3
ovas,2
kompeni,2
jabatanseragampangkat,2
beking,2
ket,2
china,2
nmr,2
sugama,2
halim,2
sgra,2
borgol,4
dih,2
sosmed,4
padu,2
cewe,7
caper,2
vs,2
polos,2
beneran,6
sok,3
pahlawan,3
pdhl,2
rimbatawur,2
koplak,2
innalilahi,2
debat,2
rusia,2
prof,2
ginting,2
bicara,3
framing,2
people,2
power,6
nyebut,2
hasto,2
taat,2
laporin,5
mampus,2
kontrol,2
kadung,2
jarak,2
polis,2
itusih,2
pidato,2
selesai,7
instruksi,2
kpd,2
klw,5
aroganya,2
nangkapy,2
lembur,2
bat,2
anying,2
bocah,2
gendut,2
kebal,2
laskar,2
kau,7
omon,2
rakyatgk,2
action,2
tembakhartanya,2
rampas,2
tebak,2
narkobalgsg,2
jakasa,2
tuntut,2
tambah,6
perca,2
skandal,2
paman,2
usman,2
setir,2
mulyono,2
wapress,2
parcok,5
bangat,2
wowo,2
aaamiiinnn,2
alloh,2
semenjak,2
maju,2
gibran,2
pribadi,2
mara,2
benang,2
harvey,2
moeis,2
isu,2
efekefeknya,2
korosif,2
impunitas,2
konfirmasi,2
aspirasi,2
periode,2
komjen,2
murni,2
klai,2
slah,2
copot,2
jabatanbesoknya,2
ad,5
tajem,2
rkyat,2
masayarakat,2
hp,4
bakar,2
iptu,2
video,5
mo,2
karyawan,2
toko,2
dadang,2
nikson,2
pangaribuan,2
harga,6
susah,6
beli,4
tu,6
inibaru,2
semuaselama,2
kont,2
palak,2
die,2
alurin,2
tipu,3
sengaja,2
bgl,2
blg,2
make,2
gu,2
bacot,2
ngelibatin,2
ganti,2
benerin,2
transparansi,2
percuma,6
sich,2
polisimrk,2
cm,3
berbicara,4
doank,2
hukumbuktinya,2
adasemua,2
kosong,2
babi,2
nindak,2
maya,2
putra,2
geng,2
tawur,5
beruang,2
miras,2
adalah,7
mangkahnya,2
kemban,2
knala,2
bulan,4
oktober,2
lanjut,4
nunggu,6
klarifikasi,2
desember,4
lumayan,2
akal,5
netijen,2
per,2
initerutama,2
apaapa,2
kp,2
preeeet,2
berduwit,2
singkir,2
jk,4
bp,2
msih,2
mak,2
daya,2
lahan,2
tani,2
arah,5
dedi,2
banten,2
program,2
peng,2
ribu,2
janggal,2
supriyani,7
dakwa,2
sidang,2
pekan,2
layak,7
coin,7
seba,7
alir,2
deras,2
prambang,2
doel,2
transfer,2
pram,2
nobita,2
t,3
madrid,2
lee,2
jeno,2
genfot,2
tss,2
lingorm,2
fill,2
vini,2
cat,2
dorrmund,2
bijak,3
komitmen,2
upaya,2
rotasi,2
deret,2
herindra,2
tunggal,2
purn,2
budi,2
gunawan,2
amerika,2
serikat,2
new,2
york,2
demonstran,2
propalestina,2
bursa,2
gaza,2
aktivis,2
serbu,2
perang,2
genosida,2
zionis,2
badan,3
ngalihin,2
isue,2
bb,2
kirain,2
diviralkan,2
netz,2
jerman,7
landa,2
israel,3
palestina,2
caplok,2
jajah,2
yahudi,2
eropa,2
ashkenzi,2
follow,2
us,5
telegram,2
hak,2
asasi,2
nilainilai,2
demokrasi,2
ceko,2
adu,2
kpai,2
hotline,2
kampanye,2
pramono,2
silaturahmi,2
tokoh,2
restu,2
malming,2
barca,2
yamal,2
palmer,2
indonesiangp,2
sie,2
dokkes,2
ikan,4
ops,4
praja,4
lodaya,2
healing,2
pasca,4
gempa,2
bumi,2
kertasari,2
dampak,2
magnitudo,2
rabu,2
segera,2
psikis,2
prosedur,2
akuntabilitas,2
adi,2
fiktif,2
david,2
bayu,2
damping,2
audrey,2
davis,2
asusila,2
menujukkan,2
prostitusi,2
kompak,2
galang,2
sindikat,2
human,2
trafficking,2
bbm,2
subsidi,2
kriminalisasi,7
ntt,2
rakat,2
awak,2
milik,2
siar,2
informasi,4
apkam,2
tniamp,2
inggris,3
london,2
tentang,2
kibar,2
bendera,2
manfaat,2
maupun,2
paham,6
repost,2
from,2
pegi,2
pegipegi,2
nasib,7
natal,5
nataru,2
apel,2
implementasi,2
asta,2
cita,2
ri,2
motto,2
konfigurasi,2
hambat,2
reformasi,2
ikn,2
umr,2
ketat,2
gajipensiun,2
tunjang,7
max,2
anggar,2
kaspkt,2
agus,2
rianto,2
tanjung,2
palas,2
dialogis,2
regu,2
b,2
nusa,2
raih,2
kelola,2
sdm,2
sj,2
pliss,2
total,7
tinggi,7
bancak,2
bisnis,2
security,2
audit,2
pukpuk,2
wasan,2
ye,2
stay,2
tetep,6
ayang,2
aksjdjdj,2
tew,2
ep,7
kilo,2
angin,2
anyep,2
nappahh,2
paann,2
udahh,2
massaaa,2
buta,2
yeehh,2
huufft,2
arti,5
copt,2
jamaah,2
bintara,2
pesan,4
karo,2
yuyun,2
arief,2
kus,2
handriatmo,2
sik,4
dedikasi,2
propam,2
maksimal,2
ngak,2
pisah,2
induk,2
zalim,2
tanda,6
hayuukk,2
doong,2
laahh,2
loohh,2
reformasikecuali,2
lulus,2
kemaren,3
bersih,2
lp,2
metro,4
bekas,3
lpbxspktpolres,2
bekasipolda,2
tgl,2
kdrt,2
kabid,2
humas,2
artanto,2
dasar,4
aduuuhhhh,2
tonton,3
bekerjaaaamaklum,2
seh,2
uangalhasil,2
profesion,2
fungsi,4
pasal,3
undangundang,2
h,2
subianto,2
ksatria,2
akuntabel,2
setinggi,2
libur,4
statement,7
res,7
nganjuk,7
kemarin,6
mosok,7
anarkis,7
hny,7
mini,7
market,7
kotor,5
spokat,7
lumpuramp,7
dapet,3
nekat,2
mikir,3
resikonyaseharusnya,2
ambisi,2
mema,2
kalteng,2
libat,7
curas,2
katingan,2
palangka,2
sikap,7
gt,2
mundur,6
bpk,2
balau,2
wewenang,2
jawat,2
sud,2
kecoh,2
gegabah,2
akhlinya,2
aniaya,4
slogan,2
spn,2
bal,2
taban,2
cetak,4
kontribusi,2
formalistik,7
pakk,7
gegara,4
sarat,7
patriotik,2
kasatwil,2
jawa,2
idealis,2
pragmatis,2
dp,2
singapura,2
vietnam,2
utara,2
tanam,2
jenis,2
tongkol,2
tpu,2
rangka,4
disalahpahami,2
ngk,3
bolak,3
lindesnya,3
boikot,3
validasi,3
virgoun,4
nang,6
histeris,7
pingsan,7
ringkus,4
serang,4
hard,4
gumay,4
pamer,4
ramal,4
usai,4
inara,4
rusli,4
idol,4
ceo,4
agens,4
pop,4
justin,4
timberlake,4
saksi,3
bts,4
fokus,4
investigasi,4
leceh,3
seksual,4
alami,2
event,2
free,2
hug,2
detikdetik,4
raffi,4
ahmad,4
ibadah,4
haji,4
calo,4
kim,2
jaehyun,2
nflying,2
flying,2
mantan,4
apex,4
lempar,4
pedas,4
dinar,4
candy,4
eks,4
unggah,4
nyelekit,4
laka,3
tol,4
mbz,3
fortuner,3
tadi,3
berplat,3
happiness,3
zombie,3
two,3
world,3
gemes,3
seru,3
film,3
cold,3
eyes,3
misterius,3
teamwork,1
al,1
basarnas,1
bea,3
cukai,3
erupsi,3
gunung,4
sikk,4
psikotropika,4
operasi,4
rapper,1
uin,3
makassar,3
breaking,3
edisi,3
kampus,3
alauddin,3
nila,3
ratus,3
triliun,3
pustaka,3
walter,3
zamrud,3
panggil,5
pulakk,3
jir,7
wkwwk,3
reuni,3
perkara,5
nyari,3
tong,3
slumdog,3
millionaire,3
expect,3
twist,3
saeon,3
heejoo,3
rekam,3
yaudin,3
yada,3
lina,3
arun,3
silat,4
yagak,3
ngeulang,3
pastiin,3
pangan,3
tanggal,3
kamis,3
november,3
wib,3
yha,3
dokter,3
spesialis,3
cair,3
wibawa,3
pasang,3
muka,7
serius,6
guys,3
thanks,3
to,3
pg,3
alamat,3
kasir,3
kartu,3
identitas,5
paud,1
hasanah,1
fakkk,3
sebel,7
episode,3
tt,3
plss,3
hiro,3
ngadu,3
ending,3
tragis,3
apes,3
nyusruk,3
raut,3
universitas,3
c,3
update,3
yoongi,3
jatoh,3
skuter,3
disamperin,3
blio,3
mabuk,3
denda,3
simnya,3
tl,3
disalahin,3
posting,3
kiboy,3
esport,3
marsha,3
blog,3
netanyahu,3
loteng,3
hamas,3
okt,3
dusta,3
haaretz,3
parlemen,3
simak,4
brtepuk,3
adidaya,3
idiot,3
kembang,3
revenge,3
thriller,3
berlapislapis,3
nyeritain,3
pria,3
lantar,4
enggan,3
gubris,3
komplain,3
maharaja,3
bak,3
john,3
wick,3
versi,3
dark,3
comedy,3
nyindir,3
suhome,3
freebies,3
nyelesaiin,3
masamasa,3
partner,3
twistnya,3
dalang,3
sekitar,4
akting,6
rak,3
lagak,3
jaha,3
ite,3
drakor,3
missing,3
other,3
side,3
mecahin,3
cewek,3
nikah,3
cowok,3
gangster,3
uda,3
umur,6
lok,3
tekad,3
licik,3
ton,3
artis,3
semata,3
nemuin,3
awat,3
swasta,3
najib,3
dar,3
dagu,3
om,3
panca,3
kades,3
sana,3
sita,3
anjrit,3
ketangkep,6
sunghoon,3
mencret,3
bubur,3
kertas,3
basah,3
ditanggepin,3
viralin,3
pigai,3
tupoksi,3
semarangitu,3
kapokri,3
kapolda,3
kebranian,3
bertanggungjawab,3
makanya,5
wn,3
anteng,3
bae,3
komen,7
badjingan,3
sewa,3
terjemah,3
bahasa,3
sila,3
penterjemah,3
google,3
spek,3
gobrok,3
bom,3
dng,3
sndiri,3
narasi,3
komisi,3
iii,3
sombong,3
semenamena,3
ulah,3
kader,3
setan,3
pk,3
sopir,5
pandang,6
bulu,7
embat,7
wenang,7
sorot,3
dwp,3
squidgame,3
alur,3
episod,3
lelet,3
dalem,3
gi,3
hun,3
clueless,3
nothing,3
special,3
mantapppp,3
mantep,3
mang,3
stok,3
kuhp,5
ancman,3
panutan,3
dagang,3
keliling,3
independen,7
seinget,3
ituya,3
aju,3
car,3
menit,6
detik,3
mendisplinkan,3
kepada,5
dinasehatin,3
rokok,3
abu,3
keluar,4
jendela,3
next,3
usah,4
polisipolisian,3
kk,3
standard,3
ganda,3
tantang,3
penteng,3
gilir,7
ayam,3
sayur,3
eugh,3
gebok,3
lukh,3
penderitaa,3
sabar,3
hangus,3
pongah,3
siang,4
irwan,3
njenengan,3
hugo,3
umat,4
paroki,3
santo,3
vicentius,3
a,6
paulo,3
widodaren,3
sebesarbesarnya,3
bapakbapak,5
dal,3
tsbt,3
sekalimantap,3
pelan,3
publikasi,3
detail,6
seokjin,3
tipis,3
terkadang,3
halhal,3
kapolrestabes,3
itikad,3
barbuk,4
hey,3
ras,3
wna,3
go,3
internasional,3
laporanya,3
donatur,3
eggi,3
bingung,3
desas,3
desus,3
sokmed,3
dahulu,3
maen,3
kwalitas,3
laki,3
puluh,3
ngamanin,3
ambil,3
sanggar,3
jago,3
mental,3
keder,3
ditembakin,3
ngomongnya,3
nangkep,6
gede,3
tikus,3
riset,3
senpi,5
taruh,3
servis,3
meja,3
bakarat,3
hijau,3
kapasitas,3
sahroni,3
wakil,3
ivan,3
jambiri,3
selain,3
insial,3
kominfo,3
getar,3
kontol,3
poris,3
indah,3
tangerang,3
nyetor,3
ormas,3
fbr,3
rb,3
cuy,3
wajib,3
setor,3
shift,3
diskusi,3
yaelah,3
geruduk,3
bareskrim,3
bar,3
krim,3
jlveteran,3
simpul,3
kelompok,3
oposisi,3
denn,3
transportasi,3
dishub,4
diaspora,3
markotop,3
rihat,3
indikasi,3
konsfirasi,3
pki,3
bangkit,3
buru,3
telpon,3
pergi,6
sangat,5
dahsyat,3
jokowitapi,3
absolutebisakah,3
selidik,7
iniapakah,3
sambut,3
paus,3
fransiskus,3
junjung,3
hoki,3
zenitendo,3
puding,3
pudin,3
kmaren,3
obat,6
bpjs,3
klaim,3
ngelatih,3
teteh,3
pdkt,3
rr,3
ekspektasi,3
leb,3
ngira,3
ngungkap,3
vip,3
frontman,3
diikutin,3
eps,3
nungguin,3
hyunju,3
neng,3
kar,3
spoiler,3
alert,3
heh,3
kapten,3
berhianat,3
wondering,3
nemu,3
lokasi,4
vibes,3
season,7
grasak,3
grusuk,3
mikirin,3
junho,3
njirrr,3
gocek,3
oversharing,3
antek,3
panitia,3
pulau,3
betah,3
ceritain,3
ngerti,3
deduksi,3
personal,3
ron,3
tanganin,3
ngajarin,3
toto,3
deduce,3
mysterious,3
cases,3
akh,3
kelarin,3
warna,3
sein,3
rem,3
ngagetin,3
nabrak,3
razia,3
ngobrol,3
suster,3
banjir,3
dingin,3
koma,3
blom,3
dh,3
peti,3
style,3
happy,3
fadel,3
misal,5
banget,7
tweet,3
keinget,3
first,3
last,3
time,3
bonceng,3
laluin,3
dempet,3
waww,3
sen,3
catering,3
tante,3
anterin,3
kotak,3
nasi,3
ngambil,3
tepis,3
cwk,3
gatal,3
sah,3
gblk,7
target,4
mrt,7
non,3
medis,3
bidanperawat,3
gadungan,3
selera,3
lelaki,3
gelak,3
dekorasi,3
pelamin,3
esok,3
sembunyi,3
jari,3
manamana,3
nyepelekan,3
halah,3
bu,3
tawar,3
sekalipun,3
gaya,3
teduh,3
pohon,3
avanza,3
menggeledahmengecek,3
ktp,3
fisik,3
undang,3
teroris,5
banting,3
gp,3
ansor,3
banser,3
sesimple,3
pisahin,3
rembuk,3
sekap,3
nolongin,3
oge,3
gapura,3
badag,3
moal,3
kos,3
tiang,3
listrik,3
alay,3
woy,3
roti,3
psikologis,3
o,3
usia,3
ngeluh,3
parno,3
ruam,3
pipis,3
adeknya,3
kebiri,3
tag,3
nganter,3
istana,3
kpop,3
dihadang,3
hemat,3
besok,7
atm,3
surat,4
tabung,3
pajak,7
ngadain,3
ulung,3
keliar,3
kaga,4
sihhh,3
ani,3
minimal,7
overthinking,3
jejak,3
woii,3
psl,3
l,3
ayat,3
pe,3
sepupu,3
naruh,3
pistol,5
benda,3
panas,3
gelap,3
hapenya,3
akun,4
shoppingnya,3
sidah,3
todak,3
pelakor,7
ngaku,7
woman,7
simpenan,7
langsing,7
bpom,7
curhat,7
ria,3
asisten,3
treatment,3
pasien,3
geledah,3
dermaroller,3
anastesi,3
izin,4
aduhh,3
lolos,3
bedain,3
nyium,3
inspektur,3
brondong,3
dor,3
pakar,3
tatanegara,3
feri,3
amsari,3
pilpres,3
cantum,3
objektif,3
presidenpejabat,3
yallahh,3
tmen,3
skr,3
resign,3
cowoknyaaa,3
gerik,3
gituuu,3
bner,3
speak,3
doanyaa,3
mentemen,3
nonton,7
glory,3
logika,5
ngerasa,3
nyambung,3
yakali,3
siapasiapa,3
backingan,3
shay,3
resiko,3
antisipasi,4
pro,7
fully,3
muji,3
kr,3
yaaa,3
perhati,4
national,3
interest,3
mirip,3
jumpa,3
ojek,3
tepi,3
luka,4
antar,4
rumahketerangan,3
kenalyaternyata,3
lainnasib,3
tilang,4
diem,4
pulisinya,3
ngapa,3
peri,3
taman,4
ngerusak,3
doi,3
kambing,3
hitam,3
predator,3
driver,3
operasional,3
truk,5
umpan,3
interogasi,3
bahu,3
kaiser,3
lovers,3
enemy,3
ngelaporin,3
icel,3
sera,3
notice,3
dapetin,3
bakat,3
mulut,3
harimau,3
buaya,3
dibodohin,3
curah,3
pansos,3
terkagumkagum,3
sandang,3
tunadaksa,3
ngurus,4
luk,3
aktifitas,3
lihai,3
gamelan,3
simpati,3
type,3
ldr,3
legowo,3
nerima,3
mabeles,3
lelah,3
tari,3
nafas,3
tepuk,3
mudah,5
tatap,3
pula,3
awawa,3
siswasiswi,3
kabupaten,3
lumajang,3
gema,3
serta,3
upacara,3
pukau,3
cilik,3
pocil,3
pentung,3
ikhlas,4
taubat,3
dede,3
tetanggakeluarga,3
tengkyu,3
andd,3
yeayy,3
skill,3
betis,3
nyembah,3
gebuk,3
kalang,3
taek,3
seprti,3
solidaritas,3
columbia,3
university,3
investasi,3
sewenangwenang,3
dosen,3
partisipasi,3
nyasar,3
kalimat,3
jirou,3
sapa,3
pls,3
jean,3
kendo,3
acung,3
kegercepan,3
inisiatif,3
hamil,3
politis,3
kota,4
pemuda,3
situasi,3
mengahadapi,3
punchline,3
ngalangin,4
awas,5
tips,4
via,4
tiktok,4
lite,4
unduh,4
pade,4
kemanekejahatan,4
matamemburu,4
rekrumen,4
malem,4
cegah,4
nyadar,4
rektorat,4
uny,4
sepeda,4
hahahahah,4
oneway,4
night,4
subang,4
malam,4
pemudaharmoni,4
alih,4
ruas,4
bukittinggi,4
biro,4
emakemak,4
freestyle,4
surup,4
adik,4
rawat,4
adm,4
biaya,4
menyerng,4
senjta,4
tajm,4
tegur,4
onar,4
bus,4
transjakarta,4
jembatan,4
cengkareng,4
senin,4
cabut,5
bersajam,4
daan,4
mogot,4
jakbar,4
mengejarngejar,4
stnby,4
lsporan,4
cctv,6
empat,4
padasuka,4
fasilitas,5
logistik,4
gass,4
guedatangfotopergi,4
sekian,4
kilometer,4
nyetir,4
rawan,4
ngantuk,4
wali,4
maksiat,4
simpan,4
connie,4
yaseolah,4
cia,4
fbigak,4
hantu,4
tibatiba,4
palang,4
kereta,4
angkot,4
tertemper,4
resah,4
batal,4
orasi,4
halang,4
khan,4
ngabisin,4
hangat,4
ngopi,4
kamtibmas,4
bidaracina,4
ketentraman,4
cerah,4
mulya,4
jatinegara,4
minggu,4
bambang,4
sistem,4
terap,4
one,4
situasional,4
padat,4
kawasan,4
puncak,4
hansip,4
menta,4
telp,4
satpol,4
pp,4
ajah,4
idup,4
bgttt,4
wkwkwkwk,4
kocakkk,4
iur,4
jugaa,4
sakittt,4
prosesminimal,4
lapar,4
kocakkkk,4
realistis,4
tanah,4
longsor,4
jalinsum,4
panyabungan,4
kotanopan,4
laru,4
baringin,4
kec,4
tambang,4
kab,4
madina,4
bpbd,4
material,4
niat,5
output,4
matibabak,4
bur,4
that,6
cz,4
life,4
belok,4
platplat,4
nyewa,4
ngawal,4
euy,4
nyuruh,4
aing,4
minggir,4
annar,4
sunu,4
mesin,4
telepon,4
lubang,4
rum,4
culik,7
jarah,4
dikasusin,4
nyerahin,4
gedek,4
purbalingga,4
bayem,4
sebab,4
licin,4
lamar,4
polantas,4
trenggalek,4
tamu,4
istimewa,4
adikadik,4
kbpaud,4
mutiara,4
insani,4
sambirejo,4
satlantas,4
sjk,4
supeltas,4
oslo,4
dikoordinir,4
belepotan,4
dipi,4
kadiv,4
ajudan,4
kabag,4
kasat,4
reskrim,4
brimob,4
sawit,4
ajg,7
elit,4
kebun,4
tkr,4
koplakhari,4
koplakkkk,4
wawancara,4
intel,4
nangani,4
kkb,4
ngadepin,4
ketika,4
helm,4
trobos,4
aelah,4
panjan,4
sahabat,1
kb,1
papua,4
suara,4
intan,4
prihatin,4
guruguru,4
gurugu,4
grab,4
tumpang,4
alias,7
ideologi,1
gender,1
domestik,1
ajeg,1
kemenkes,4
salfok,4
siaga,4
tukeran,4
leha,4
ngoprok,4
keamanantapi,4
lali,4
khatam,4
probolinggo,4
bsk,4
kendala,4
teknis,4
finally,4
asik,4
kolaborasi,4
pilisisatpam,4
obrak,4
abrik,4
polisisatpam,4
mabokan,4
majuuuuuu,4
kesiapsiagaan,4
koordinasi,4
produktivitas,4
nitip,4
td,4
sbtlny,4
memyerahkan,4
otoritas,4
bitcoin,4
usd,4
te,6
jatiasih,4
jatiwarna,4
lemparlempar,4
jatiwarnakranggan,4
modus,4
salahpalsu,4
palsusalahrekayasasengaja,4
polkis,4
kog,4
data,4
bertakontakon,4
apakah,4
rp,4
kranggan,4
brigadir,4
risdiyanto,4
lingk,4
jagal,4
silaturahim,4
kondusif,4
vaksin,4
otopsi,4
tinta,4
rahasia,4
novi,4
transaksi,4
elektronik,4
danatau,4
jo,4
nomor,4
lpbxspktpolda,4
daftar,4
beasiswa,4
kemala,4
taruna,4
dulur,4
yok,4
musim,4
palembang,4
nalar,4
sutradaracrew,4
briefing,4
beritahu,4
bakamla,4
gali,4
usir,4
nelayan,4
daring,4
januari,4
persayaratan,4
laman,4
mw,4
telusur,4
kenan,4
apabila,4
gunanyak,4
loa,4
janan,4
ilir,4
samarinda,4
nambahin,4
omset,4
nyampe,4
miliar,4
alesan,4
ybs,4
upi,4
almarhumah,4
mendiang,4
nder,7
minim,4
dokumen,4
imigrasi,4
pakan,4
ternak,4
kandang,4
sapi,4
tindih,4
agitator,4
campur,4
fatal,7
tampung,4
nyaring,4
orde,4
puisi,4
konser,4
majalah,4
bredel,4
kenang,4
aa,4
prischa,4
laura,4
sel,4
canggih,4
bidang,6
perintahpersetujuan,4
beber,4
pariwisata,4
djakarta,4
warehouse,4
project,4
bincang,4
call,4
center,4
spkt,4
diy,4
atiqah,4
hasiholan,4
ratna,4
sarumpaet,4
tuding,4
standby,4
nyodorin,4
mic,4
estate,4
proyek,4
nikel,4
manghancurkan,4
satpas,4
jember,4
kaca,4
harkamtibmas,4
air,7
mandangin,4
kapal,4
satpolairud,4
sampang,4
jaring,4
sopo,4
aruh,4
gunungkidul,4
akbp,4
ary,4
murtini,4
srikandi,4
polwan,4
sambang,4
beraktifitas,4
kuliner,4
berhatihati,4
timpuk,4
kampung,4
ambon,4
kanwil,4
kemenkumham,4
kalsel,4
taufiqurrakhman,4
psht,4
keroyok,6
konvoi,4
beringas,4
lempari,4
alun,4
imam,4
safi,4
had,4
patuh,4
mpls,4
pengarengan,4
danpol,4
monitoring,4
gulbung,4
rukun,4
pkub,4
sumbawa,4
masjid,4
sektor,4
tampak,4
sholat,4
facebook,4
bosan,4
bukateja,4
karanggedang,4
ronda,4
camplong,4
konflik,4
sosial,4
pinjam,4
mbak,4
menteng,4
tuntun,4
bensin,4
malanjutkan,4
aktifitasnya,4
sawah,4
aktivitas,4
terminal,4
hatihati,4
chaniago,4
edward,4
manalu,4
dsn,4
i,5
beringin,4
bangun,6
lapen,4
lapis,4
penestrasi,4
sasar,4
amuk,4
gacor,4
wisata,4
ngronggot,4
obyek,4
cengkok,4
pergok,4
teluk,4
antan,4
singingi,4
kuansing,4
provinsi,4
riau,4
dadak,4
paramotor,4
udara,4
latih,4
pacu,4
kasatgas,4
kamseltibcar,4
lantas,4
tebo,4
kemudi,4
sumbu,4
partir,4
mudik,4
arus,4
meminimalisir,4
samapta,4
bungo,4
melaksanakaan,4
gerbang,4
cutber,4
oooohhh,4
sabtu,4
cuti,4
rekapitulasi,4
nasional,4
ngantri,4
laper,4
kantin,4
zona,4
verif,4
delay,4
gbs,4
anw,4
brg,4
instagram,4
chat,4
febby,4
visum,4
klar,4
bolakbalik,4
apkah,4
mlakukan,4
sampling,4
hai,4
faham,4
erti,4
apakabar,4
rental,4
pati,4
bahan,4
bully,6
tebal,4
nurani,4
taiwan,4
nangkap,4
satset,4
dpo,4
ahriesonta,4
stafsus,4
blokir,4
mungki,4
jabar,4
do,4
bruh,4
sisi,4
nilang,4
lh,4
nambah,4
evaluasi,4
didatengin,4
arwah,4
kecuali,4
staff,4
kemenkeu,4
tajir,4
relatif,4
ban,4
merta,4
sudut,6
keluh,4
perban,4
langk,4
sii,4
lesi,4
persen,4
eval,4
banyaaknya,4
jt,4
dimintain,4
musibah,4
masyarkat,4
diomelin,4
pamong,4
lampung,4
desk,4
rapat,4
organisasi,4
setda,4
sore,4
submit,4
website,4
samsek,4
grabnya,4
nolak,4
imbal,4
polisigw,4
enggamotor,4
asem,4
tenan,6
icw,4
lekat,4
temuantemuan,4
suerr,4
ipw,4
lppd,4
pekanbaru,4
sempurna,4
selenggara,4
sdah,5
slm,5
bg,5
pdth,5
era,5
sepele,5
brengsek,6
mempermainka,5
karla,5
juli,5
hahaaaa,5
celana,7
cingkrang,7
jumput,7
jenggot,7
totok,7
tapak,7
sakti,7
jidat,7
gudang,5
bgitulh,5
sebaikbaiknya,5
aib,5
nggk,5
kompetensi,5
apply,5
linkedin,5
dm,5
nyebarin,5
screenshotan,5
youtube,5
ngegebrak,5
ngeburuburu,5
lahh,5
brutallepas,5
seragamnyapasti,5
polisikami,5
takutkami,5
baju,5
pm,5
demam,5
segar,5
menggant,5
rusa,5
neraka,5
nyalahin,5
pdip,5
jangan,5
kantong,5
lho,5
tenggelam,5
miftah,5
stiker,5
narkobajd,5
sticker,5
yabu,5
gitumakanya,5
jngan,5
sajakerja,5
baguskalau,5
beku,5
ngelawan,5
padah,5
ngelindungin,5
oiya,5
solo,5
cuek,5
sekitaryakin,5
pov,5
kreak,5
solusi,6
tancap,5
gas,6
opm,5
doa,5
senggol,5
sembarang,5
simple,5
berfikirnya,5
suspect,5
deketin,5
persuasif,5
fairmau,5
permintaaan,5
beliaukalau,5
tingg,5
md,5
pencar,5
gama,5
laju,5
gangste,5
runyam,5
mayat,5
persetan,5
pdi,5
tem,5
sajam,5
malingmaling,5
modal,5
masak,5
pakek,5
mempan,5
juru,5
dada,5
jukir,5
melotot,5
ngurusi,5
benc,5
ngeriiii,5
lutfi,5
ex,5
cagubrakyat,5
dead,5
sbnrnya,5
lindungin,5
respek,5
radarada,5
ancor,5
deeskalasi,5
azab,5
tegastilang,5
spot,5
kejadiaan,5
bhwa,5
aka,5
ampe,5
bansos,5
kucur,5
coklat,5
ilegal,5
naif,5
suwer,5
ketus,5
gabisa,6
selesain,5
posisi,5
seram,5
ane,5
kunti,5
pocong,5
genderuwo,5
wewe,5
gombel,5
sekaligus,5
drpd,5
ibuibu,5
susun,5
tom,5
lembong,5
backing,5
musuhin,5
satun,5
gr,5
mantu,5
dngn,5
akherat,5
fpi,5
pr,5
maksud,5
gilang,5
kanan,5
kiri,5
hutan,5
sempit,5
wiuwiu,5
ular,5
kalajengking,5
hewan,5
bjirrr,5
luhkkk,5
yt,5
hmmlumayan,1
humble,1
statementmu,1
adem,1
selasa,5
september,5
menep,5
paradigma,5
since,5
bising,5
markas,5
judi,5
backingannya,5
dibagiin,5
wira,5
jenjang,5
petik,5
bunga,5
part,5
adekku,5
berisik,5
kamar,5
samperin,5
kasur,5
makhluk,5
celoteh,5
intip,5
gada,5
debu,5
jirrr,5
ngejer,5
jan,5
gwe,5
rumor,5
bersiapsiap,5
tkp,5
bk,5
melek,5
abkin,5
rubah,5
mindset,5
musuh,5
menyeramkandikasih,5
galak,5
istilah,5
orba,5
tap,5
mprs,5
legal,5
cu,5
gertak,5
komplek,5
kuping,5
kosan,5
mlempem,5
penguasaorang,5
noodweer,5
proporsional,5
winter,5
mistreatment,5
dilindungin,5
tusuk,5
dc,5
sasaeng,5
ganguin,5
nerobos,5
towel,5
lsg,5
bain,5
rebut,5
rampok,5
urine,5
gemar,5
picu,5
melapormelakukan,5
etika,5
bangku,5
bondong,5
lengser,5
kekacaun,5
negri,5
lenceng,5
jepara,5
sterilisasi,5
gereja,5
lacak,6
terjun,5
tim,5
potensi,5
ironi,5
suaka,5
saudi,5
tiada,5
r,5
kristiani,5
slv,5
chandrika,5
chika,5
selatan,5
yuliana,5
byun,5
ngungsi,5
ortu,5
ojol,5
justeru,5
kerap,5
lpsk,5
intervensi,5
taksi,5
korbandia,5
progres,5
ramai,5
disosmed,5
insightful,5
islah,5
bahrawi,5
lucut,5
resin,5
rakit,5
ancamanancaman,5
jerit,5
negosiasi,5
marsose,5
keringat,5
centeng,5
bohir,5
tokyo,5
la,5
agresif,5
sandera,5
saran,5
rekmn,5
audio,5
orangtua,6
ud,5
orangtuanya,5
kumpulin,5
nial,5
lnjit,5
bisum,5
sil,5
livvv,5
olivvvv,5
menteri,7
tri,4
manajemen,7
simbol,7
sodara,5
dkt,5
grebekan,5
ngebut,5
tembakterlihat,5
kalaupun,5
jinak,5
hadang,5
tembakhmmm,5
engga,5
ruda,5
seliwer,5
timeline,5
nuduh,5
ygy,5
verbal,5
hs,5
spertinya,5
unsur,6
apkh,5
dimaksudtapi,5
prosea,5
catat,5
otk,5
paku,5
shigeki,5
benerbener,5
kucingkucingan,5
ngejar,5
buron,5
dikejarkejar,5
firli,5
oleh,5
anjir,7
mimpi,5
joshua,5
svt,5
helikopter,5
matimati,5
gta,5
cheat,5
sekal,5
naikin,5
bocor,5
cpns,5
urai,5
debt,5
collector,5
tagih,5
setpran,5
genang,5
tai,5
sedan,5
sunwoo,5
ktk,5
peristiwa,7
sampit,5
madura,5
aula,5
dayak,5
adat,5
ritual,5
stl,5
iklasin,5
locomoto,5
noleh,5
diputusin,5
lorenya,5
hidung,5
duluan,5
plester,5
mafia,7
san,5
andreas,5
maap,5
becanda,5
selruh,5
tuhhh,5
abneg,5
manipulatif,5
ego,5
upchar,5
lima,5
wktu,5
ngikutin,6
maps,5
pertanggungjawaban,5
kapolresta,5
pertamax,5
turbo,5
kenceng,5
gebukkin,5
cokelat,5
simbah,5
darah,6
cucur,5
terengahengah,5
goreng,5
mimisan,5
mood,5
garagara,5
anj,7
tae,5
literally,5
rabas,5
order,5
produser,5
atlee,5
diremake,5
theri,5
varun,5
dhawan,5
tayang,5
serentak,5
bioskop,5
berkasusmereka,5
momok,5
sendirikapan,5
kesini,5
seperri,5
sundulll,5
daripada,5
ketimbang,5
merekasaya,5
kur,5
momo,5
peluru,5
tajam,5
momokyang,5
aura,5
bendung,5
kekejamanya,5
ngetren,5
oligarki,5
tumpas,5
malas,5
polisilebih,5
tribrata,5
mutual,5
agree,5
with,5
disagree,5
rather,5
my,5
weirdos,5
nerds,5
circle,5
all,5
of,5
freaks,5
so,5
each,5
can,5
kian,5
ting,5
curiga,5
brigpol,5
aks,5
karuan,5
haryono,5
merinding,5
buas,5
serigala,5
terkam,5
mangsa,5
cacat,5
monster,5
masyarakatpolisi,5
menonjolsayang,5
bogor,5
genk,5
bersenpi,5
masyarakatyg,5
keri,5
reputasi,5
institutional,5
psychopath,5
skck,5
plis,5
kemendagri,5
masyarakatjauh,5
masyarakatmasyarakat,5
deng,5
masyarakatmasih,5
beka,5
kalas,5
tk,5
bhayangkari,5
tetapi,5
masyrakat,5
kupikirpikir,7
samar,7
matematika,7
sis,7
diakalin,5
core,5
hehehe,5
sinigalak,5
sipecundang,5
direspon,5
ribet,5
respon,6
kontolkontolin,6
ikshsd,6
mentang,6
cuih,6
rangkai,6
impeachment,6
yoon,6
seokyeol,6
poster,6
tempel,6
bangunanbangunan,6
party,6
branding,6
feminist,6
nongol,6
angkut,6
base,6
yb,6
nak,6
podcast,6
raja,6
sokong,6
refomasi,6
invite,6
sembang,6
gro,6
barusan,6
lahhhh,6
asuu,6
reng,6
jkt,6
gub,6
bobotoh,6
usung,6
polisiemang,6
banteng,6
silih,6
kejakasaan,6
mahkamah,6
konstitusi,6
nnti,6
sepak,6
terjang,6
ricko,6
sus,6
pesisir,6
el,6
caca,6
citacitaku,6
shalat,6
bule,6
ngelunjak,6
poin,6
bds,6
analogi,6
bnr,6
skrng,6
bpknya,6
alis,6
taut,6
hela,6
sembilan,6
enam,6
eunseo,6
hening,6
selang,6
pendek,6
susul,6
sinyalir,6
bunut,6
tautau,6
marketplace,6
miring,6
deskripsi,6
respons,6
suporter,6
malan,6
sontak,6
mula,6
supporter,6
tanding,6
airmata,6
teliti,6
pukat,6
zaenur,6
rohman,6
capim,6
dewas,6
dominasi,6
auditor,6
pensiun,6
damkar,6
usut,7
siapsiap,6
mengacakacak,6
disku,6
anna,6
kerut,6
najam,6
doyun,6
irt,6
babak,6
tulang,6
punggung,6
purigading,6
jimbaran,6
kuta,6
badung,6
rehabilitasi,6
rehab,6
respect,6
lanjur,6
internet,6
nyerah,6
gatau,6
suga,6
pucat,6
alvin,6
lim,6
gijik,6
seruyan,6
bangkal,6
nasihat,6
aji,6
manado,6
jurnalis,6
riyo,6
noor,6
otoriter,6
suharto,6
pakbu,6
cela,6
melebihlebihkan,6
victim,6
boriel,6
bima,6
prawira,6
kramat,6
tunggak,6
lampiasin,6
beladiri,6
tonjokin,6
seneneg,6
bicraa,6
jakur,6
joel,6
stnk,6
naksir,6
flashback,6
sory,6
udhlah,6
binatang,6
nyiksa,6
semena,6
rekening,6
dana,6
swiping,6
beras,6
gang,6
was,6
institusinnya,6
foya,6
anjng,6
haru,6
dikonoha,6
rimba,6
gurun,6
pasir,6
dibswah,6
ky,6
miris,6
image,6
sela,6
ginian,6
diperihara,6
tidak apa-apa,4
meni,6
antem,6
ust,6
sihmalahan,6
derri,6
ngebom,6
ustadz,6
tabayun,6
cjshxjdjd,6
hub,6
gigit,6
bajngan,6
pis,6
animal,6
saipul,6
jamil,6
marselino,6
tv,6
libya,6
cicalengka,6
love,6
nontonnya,6
undercover,6
tonjok,6
melawanmenggunakan,6
starboys,6
govlok,6
bonyok,6
boxing,6
ring,6
tinju,6
pintu,6
berhentiin,6
trabas,6
beranta,6
street,6
typing,6
perihal,6
emakny,6
malih,6
taung,6
dibersihin,6
cuci,6
murid,6
paskib,6
gemulai,6
pushup,6
gamau,7
menggeneralisir,6
ketawa,6
gaakan,6
beresberes,6
dikumpulin,6
ngalahin,6
teladan,6
factory,6
reset,6
hmmm,6
nipu,4
ngelakuin,4
vidio,6
angkt,6
skenario,6
either,6
berkas,6
anggur,6
yorozuya,6
copatcopot,6
geser,6
ganjar,6
belgedes,6
helena,6
kuli,6
dekam,6
sunarto,6
sempet,6
latar,6
sengsara,6
ngo,6
spp,6
toleransi,6
ngalamin,6
samasama,6
bgmn,6
swt,6
nanganin,6
walopun,6
tebang,6
pling,6
kadrun,6
definsi,6
sesuatu,6
selangkang,6
hacking,6
terorisme,6
alghazali,6
andai,6
syahwat,6
panglima,6
amarahnya,6
gumpal,6
amburadul,6
ia,6
matra,6
apbn,6
akyat,6
jelata,6
bda,6
mbegakan,6
playanan,6
bugil,6
sdg,6
hooh,6
lukisanfoto,6
ngamukdirobek,6
lukis,6
ngamuk,7
serendah,6
keb,6
melundungi,6
remeh,6
temeh,6
lenggang,6
realita,6
almarhum,6
namun,6
this,6
different,6
thing,6
transgender,6
suarain,6
schizo,6
pronounce,6
bullshit,6
samatidak,6
tidakpolisi,6
tengahtengah,6
facebooker,6
uji,6
kala,6
ketjil,6
idap,6
rakya,6
pecya,6
par,6
cok,6
kreakhukum,6
boroboro,6
durhaka,6
tdur,6
wereng,6
totalmakin,6
lurus,6
adildan,6
nelihat,6
nrk,6
trlepas,6
ll,6
hrus,6
mediasi,4
tutupin,4
kalaz,6
kapok,6
bui,6
putusin,6
persuasi,6
ptkpa,6
ngegerombol,6
gembong,6
vadel,6
liga,6
kelar,6
ditungguin,6
asu,6
timnas,6
negur,6
ngulik,6
tas,6
privasi,6
hunger,7
games,7
anjay,7
akpol,6
akademi,6
melihat,4
spesial,6
btul,6
bayam,6
vonis,7
public,6
figure,6
rilis,6
cuat,6
dit,6
sllu,6
siur,6
normalisasi,6
kadar,6
alkohol,6
wamil,6
ja,6
gaul,6
ngerakit,6
jelasin,6
anggep,6
ngontolin,6
nu,6
argumen,6
harusny,6
rugi,6
dipecatdimutasiturun,6
harakiri,6
robot,6
judgementnya,6
eror,6
algoritmannya,6
rujuk,6
digantirevisi,6
imbas,6
ngejelekin,6
festival,6
chaos,6
vendor,6
amin,6
ssg,6
masif,6
mojokerto,6
fadhilatun,6
nikmah,6
momentum,6
ranah,6
hubdat,6
capble,6
serakah,6
dateng,6
sentra,6
diarahin,6
yng,6
introspeksi,6
kat,6
lai,6
ngeludahin,6
yawes,6
customer,6
menja,6
vidionya,6
meciduknya,6
pekerti,6
santun,6
der,6
narkb,6
dramatis,6
prinsip,6
dibilangin,6
dijagain,6
pin,6
gelontor,6
langka,6
ttt,6
temenku,6
harusnyaa,6
moon,6
settingan,6
buu,6
moment,6
mmbuat,6
kepda,6
ahok,6
nelpon,6
tipe,6
frontal,6
diaa,6
waria,6
sodomi,6
raung,6
iseng,6
sound,6
series,6
komedi,6
precinct,6
queer,6
rewatch,6
story,6
nangisnangis,6
trhead,6
pancasila,6
perjuangin,6
boring,6
kiper,6
final,6
manut,6
langgan,6
disalahpahamin,6
mokondo,6
serabutan,6
mulung,6
mksdnya,6
gamasuk,6
istighfar,6
ati,6
grgr,6
makar,6
tampar,6
pukimak,6
ngatain,6
kuliahin,6
man,7
bjirr,6
daritadi,6
ngedepin,6
inimah,6
antekantekmu,6
sujud,6
dear,6
death,6
wish,6
joongdunk,6
bl,6
joong,6
genre,6
bangett,6
suguhin,6
sejad,6
tyap,6
xtra,6
dy,6
pembengkakakan,6
kepentok,6
dkit,6
nyeri,6
poldur,6
ngliat,6
aspek,6
bt,6
moto,6
wasiat,6
sebelum,4
dtetapkan,4
tersangkakl,4
setelah,4
ktulusan,4
lahlebayemang,4
hyung,6
rowoon,6
usa,6
yutub,6
body,6
camera,6
jgnkan,6
kluar,6
dl,6
gebukin,6
dik,2
hrsnya,2
papar,6
risih,6
buset,6
anakpemerkosaan,6
stress,6
nganiaya,6
kesel,6
tiri,6
dehhorangnya,6
perah,6
diprank,6
kating,6
temennya,6
louis,6
de,6
funes,6
oscar,6
ngakak,6
rabbi,6
jacob,6
dmn,6
rabi,6
antiyahudi,6
fantomas,6
medan,6
ndes,6
scam,6
teknologi,6
plotwist,6
sg,6
awur,6
endingnya,6
gong,6
sekaliii,6
seng,6
haheho,6
hahhhh,6
kejer,6
sara,6
makimaki,6
antre,6
hipnotis,6
huhu,6
hilangggg,6
hpnya,6
matiin,6
kirakira,6
tokyoverse,6
v,6
en,7
berfikir,6
gwencana,6
rtew,6
unit,6
narkotika,6
disembunyiin,6
ingetnya,6
todur,6
balas,6
tampol,6
urusin,6
oktum,6
hakimpolisi,6
giniyg,6
empati,6
iris,6
inimasih,6
msalah,6
dllmo,6
yaague,6
datok,6
sri,6
kesi,6
yaallah,6
bisabisanya,6
bacain,6
mahasiswi,6
gymas,6
kuliah,6
cekcok,6
siram,7
kendor,6
barbar,6
kayu,6
prov,6
atensi,6
pontianak,7
wakasat,7
briptu,7
berpurapura,7
hakimsemua,7
abg,7
profil,7
kkn,7
em,7
filmfilm,7
teguh,7
pengamanpengayom,7
anjirr,7
panasila,7
mitra,7
gaduh,7
honorer,7
caci,7
leluasa,7
inisampai,7
adiltapi,7
lagikarena,7
menzolimi,7
alangkah,7
dipertanggungjawabkannya,7
yaumil,7
memamg,7
tempo,7
sarana,7
etik,7
adminnya,7
dahh,7
diberitain,7
ng,7
thisis,7
not,7
fair,7
bringas,7
maka,7
lucuny,7
gajiny,7
besokny,7
peka,7
ngetwiit,7
hitung,7
mingkem,7
supaya,7
sesat,7
jrg,4
lky,4
papany,4
cinaponti,4
mamany,4
cinasmg,4
bandingin,4
bel,4
jokowidi,7
polisibuktinya,7
unjuk,7
menendangdgn,7
makarpolisi,7
diapain,7
menhina,7
cadang,7
terms,7
conditions,7
njir,7
kucil,7
ditahantidak,7
konsep,7
seberatberatnya,7
upah,7
septia,7
jhon,7
lbf,7
karet,7
pangku,7
tuan,7
ace,7
kopiah,7
muslim,7
personally,7
spotlight,7
policing,7
represif,7
struktural,7
mantau,7
sengketa,7
maantau,7
bas,7
susup,7
manis,7
sepakat,7
ijin,7
etle,7
kecam,7
mesej,7
staf,7
atw,7
pers,7
harihari,7
tebar,7
pesona,7
seca,7
machica,7
mochtar,7
karma,7
gaes,7
maha,7
hahaha,7
mamgkanya,7
dikit,7
sogok,7
followers,7
unfoll,7
rezeki,7
larilari,7
bet,7
kekny,7
oknumny,7
pler,7
gwej,7
marathon,7
satubiar,7
bangetttt,7
tadiii,7
yakkk,7
ngasi,7
front,7
bodoooo,7
kunyuk,7
j,7
hnya,7
bejat,7
keji,7
sifat,7
tupoksinya,7
peelakuanya,7
coli,2
ciduk,2
pinjol,2
tahap,7
survey,7
segalaudh,7
obses,7
cowo,7
takedown,7
bentrokin,7
sihh,7
wkwkwkwkwk,7
gimane,7
ttp,7
aki,7
burning,7
wounding,7
must,7
ditanyain,7
kimiawi,7
kebnyakan,7
lalin,7
safe,7
mbok,7
polti,7
kli,7
apain,7
dirasak,7
anjenggg,7
plv,7
ancurin,7
halal,7
dikatain,7
monyed,7
lewatin,7
puyeng,7
untun,7
sebage,7
pejal,7
mostly,7
meleng,7
ngelewatin,7
jal,7
dok,7
sier,7
suroboyo,7
rasane,7
juedag,7
banci,7
ngerasain,7
kahh,7
soalny,7
dipanjangin,7
arghh,7
honestly,7
oliver,7
mean,7
macem,7
james,7
buruburu,7
merampokmakanya,7
apalgi,7
renteng,7
baris,7
bsa,7
kerj,7
trmsk,7
capres,7
yagmn,7
nyebelin,7
oik,7
klarif,7
isagi,7
fandom,7
kinder,7
joy,7
aos,7
diliatliat,7
kenapanapa,7
ngumpet,7
bulol,7
sala,7
shiva,7
gtu,7
bokap,7
gueeee,7
fotoin,7
ketilang,7
jaka,7
sembung,7
golok,7
baruu,7
charrr,7
seriously,7
gihunn,7
bgtt,7
capt,7
kapall,7
kopiapapun,7
pantek,7
scene,7
afdol,7
nahkan,7
bowlehhh,7
hayuuuu,7
anjg,7
ngekek,7
nyolot,7
feiry,7
figuran,7
jwoskwoeksmwkwksks,7
bjir,7
tdr,7
fadelstye,7
kantbison,7
ons,7
ajaaa,7
nyebelinn,7
chrisss,7
fadelstyle,7
thk,7
nutup,7
bunderan,7
hi,7
adlh,7
plg,7
sp,7
persis,7
semu,7
uras,7
energi,7
paskibra,7
gubernur,7
ekspresi,7
gasuka,7
doubt,7
bgtbgt,7
lamalama,7
cepek,7
diilangin,7
yoo,7
nyetornyetor,7
mul,7
planga,7
plongo,7
occrp,7
kemudia,7
mohammed,7
shideah,7
shihadeh,7
tifa,7
pasra,7
sekalitukang,7
dungu,7
gajih,7
mosi,7
siaapaaa,7
ambigu,7
bingungterus,7
senyap,7
waluyo,7
menyruput,7
kopi,7
dahi,7
tujiman,7
praktek,7
taqiyah,7
taktik,7
jihad,7
noda,7
magdeburg,7
riwayat,7
antiislam,7
koq,7
penipuankalian,7
bingungbagi,7
pergiyang,7
sendi,7
parapara,7
business,7
usual,7
wakanda,7
organized,7
crime,7
thd,7
sebnrnya,7
perilaku,7
gunain,7
aamin,7
laknat,7
dibanyakin,7
rejekinya,7
jkw,7
kjaksaan,7
dilaporinn,7
nayy,7
bina,7
kll,7
untk,7
cungkring,7
semuaanda,7
korupsipolisi,7
semuakalo,7
naifsemua,7
lini,7
pemerintaham,7
bahlul,7
jamanjokodok,7
dipake,7
budaya,7
masy,7
beyond,7
saving,7
ekspektasinya,7
msuk,7
bc,7
sptny,7
shg,7
enabler,7
anime,7
relate,7
akame,7
kill,7
villain,7
vigilante,7
ride,7
georgia,7
sikat,7
mesir,7
diplomasi,7
riya,7
praktik,7
revolusi,7
jokodok,7
ratu,7
diterapin,7
nguburin,7
ngaterin,7
diteripin,7
gubenur,7
bumn,7
kosonh,7
klik,7
kompascom,7
iklan,7
download,7
aplikasi,7
kodrat,7
duitin,7
anjirrr,7
sabang,7
merauke,7
tsk,7
rookie,7
penyalahgunaan,7
its,7
really,7
dangerous,7
jinsu,7
sekesel,7
baekdu,7
nyuri,7
won,7
kegep,7
selingkuh,7
ngentoy,7
mungkinisi,7
motif,7
diajarin,7
playgroupkuliah,7
loyo,7
ngedidik,7
umpat,7
ituu,7
pny,7
temperament,7
prosecutor,7
biarawati,7
disanaa,7
thread,7
olok,7
midio,7
nyakitin,7
sebernya,7
parsoc,7
kura,7
mahasewa,7
didalm,7
pemakek,7
nar,7
kontolin,7
isilop,7
stand,7
uhhhh,7
ipar,7
blablabla,7
bini,7
dibgonokan,7
kgk,7
akn,7
brkata,7
selingkuhanny,7
bneran,7
liang,7
lahatin,7
sudirman,7
manasin,7
nga,7
problem,7
elf,7
gulita,7
nawarin,7
maksa,7
fak,7
pepet,7
full,7
tato,7
jalann,7
terusss,7
jalannn,7
nego,7
warung,7
ajaa,7
kal,7
deklarasi,7
merdeka,7
west,7
jogja,7
ber,7
bola,7
ajang,7
ladang,7
bahayan,7
tomlembong,7
kompleks,7
bertahuntahun,7
bag,7
ngambek,7
beliin,7
sate,7
keluargakerabatnya,7
wercok,7
ciprat,7
kpps,7
timses,7
luthfi,7
zolim,1
garap,1
hisabamp,1
larang,7
disimpen,7
dibiayain,7
daridulu,7
doomed,7
